[
  {
    "Id": 9,
    "UserId": 14,
    "UserName": "Devil",
    "PolicyName": "Pet Insurance",
    "IncidentDescription": "esdfghklj;k",
    "ClaimAmount": 76776,
    "Status": "Approved",
    "Updates": [
      {
        "Id": 12,
        "Status": "Approved",
        "Remarks": "ookokoko",
        "UpdatedBy": "Admin",
        "UpdatedAt": "2025-09-10T10:07:43.8158471Z"
      }
    ],
    "DocumentPath": "/uploads/2wt5osig.xgs.pdf",
    "CreatedAt": "2025-09-10T10:06:38.1991903Z"
  },
  {
    "Id": 6,
    "UserId": 6,
    "UserName": "User",
    "PolicyName": "just checking",
    "IncidentDescription": "hjnkmnl,./",
    "ClaimAmount": 25000,
    "Status": "Approved",
    "Updates": [
      {
        "Id": 9,
        "Status": "Approved",
        "Remarks": "okokko",
        "UpdatedBy": "Admin",
        "UpdatedAt": "2025-09-09T06:53:51.6602293Z"
      }
    ],
    "DocumentPath": "/uploads/j1dj01rs.nvx.pdf",
    "CreatedAt": "2025-09-08T13:18:08.8477234Z"
  },
  {
    "Id": 3,
    "UserId": 2,
    "UserName": "Lingareddy",
    "PolicyName": "health",
    "IncidentDescription": "regarding Health",
    "ClaimAmount": 6575,
    "Status": "Approved",
    "Updates": [
      {
        "Id": 6,
        "Status": "Approved",
        "Remarks": "nice",
        "UpdatedBy": "Rohith",
        "UpdatedAt": "2025-09-08T09:39:12.7337338Z"
      }
    ],
    "DocumentPath": "/uploads/xu1xfvhu.e1h.pdf",
    "CreatedAt": "2025-09-08T09:06:46.3168218Z"
  },
  {
    "Id": 2,
    "UserId": 2,
    "UserName": "Lingareddy",
    "PolicyName": "hi",
    "IncidentDescription": "xfghjkhlj;",
    "ClaimAmount": 23332,
    "Status": "Rejected",
    "Updates": [
      {
        "Id": 2,
        "Status": "Rejected",
        "Remarks": "not",
        "UpdatedBy": "Rohith",
        "UpdatedAt": "2025-09-08T08:40:34.022743Z"
      }
    ],
    "DocumentPath": "/uploads/0jkocblv.nuw.pdf",
    "CreatedAt": "2025-09-08T05:43:54.5279482Z"
  },
  {
    "Id": 1,
    "UserId": 2,
    "UserName": "Lingareddy",
    "PolicyName": "rappa rappa",
    "IncidentDescription": "hi",
    "ClaimAmount": 2333,
    "Status": "Rejected",
    "Updates": [
      {
        "Id": 1,
        "Status": "Approved",
        "Remarks": "nice",
        "UpdatedBy": "string",
        "UpdatedAt": "2025-09-08T06:47:58.2136814Z"
      },
      {
        "Id": 10,
        "Status": "Approved",
        "Remarks": "nice",
        "UpdatedBy": "Admin",
        "UpdatedAt": "2025-09-09T06:55:11.5238761Z"
      },
      {
        "Id": 11,
        "Status": "Rejected",
        "Remarks": "All docume3nts are not submitted",
        "UpdatedBy": "Admin",
        "UpdatedAt": "2025-09-09T06:55:36.3826051Z"
      }
    ],
    "DocumentPath": "/uploads/whvtfatg.cxz.pdf",
    "CreatedAt": "2025-09-07T18:06:19.5669127Z"
  },
  {
    "Id": 5,
    "UserId": 6,
    "UserName": "User",
    "PolicyName": "Home Insurance",
    "IncidentDescription": "damage",
    "ClaimAmount": 78999,
    "Status": "Approved",
    "Updates": [
      {
        "Id": 8,
        "Status": "Approved",
        "Remarks": "more money",
        "UpdatedBy": "Admin",
        "UpdatedAt": "2025-09-09T06:43:27.893954Z"
      }
    ],
    "DocumentPath": "/uploads/htm3gcoq.j5h.pdf",
    "CreatedAt": "2025-09-08T13:15:30.1021538Z"
  },
  {
    "Id": 4,
    "UserId": 5,
    "UserName": "King",
    "PolicyName": "gym",
    "IncidentDescription": "fygjhklj;k\u0027l",
    "ClaimAmount": 67788,
    "Status": "Approved",
    "Updates": [
      {
        "Id": 7,
        "Status": "Approved",
        "Remarks": "calculated amount",
        "UpdatedBy": "Rohith",
        "UpdatedAt": "2025-09-08T11:10:22.4483847Z"
      }
    ],
    "DocumentPath": "/uploads/vmkz0irw.yk1.pdf",
    "CreatedAt": "2025-09-08T11:08:14.6482125Z"
  },
  {
    "Id": 7,
    "UserId": 6,
    "UserName": "User",
    "PolicyName": "Travel Insurance",
    "IncidentDescription": "accident",
    "ClaimAmount": 2345,
    "Status": "Approved",
    "Updates": [
      {
        "Id": 16,
        "Status": "Approved",
        "Remarks": "not upto the mark",
        "UpdatedBy": "admin1",
        "UpdatedAt": "2025-09-14T19:33:43.1876726Z"
      },
      {
        "Id": 15,
        "Status": "Pending",
        "Remarks": "not upto the mark",
        "UpdatedBy": "Admin",
        "UpdatedAt": "2025-09-14T19:24:48.5460447Z"
      }
    ],
    "DocumentPath": "/uploads/h0kdmhft.xev.pdf",
    "CreatedAt": "2025-09-10T06:11:21.5341602Z"
  },
  {
    "Id": 8,
    "UserId": 6,
    "UserName": "User",
    "PolicyName": "Home Insurance",
    "IncidentDescription": "vcvbnvm,",
    "ClaimAmount": 678,
    "Status": "Approved",
    "Updates": [
      {
        "Id": 22,
        "Status": "Approved",
        "Remarks": "upto the mark",
        "UpdatedBy": "Admin",
        "UpdatedAt": "2025-09-19T06:34:47.7221038Z"
      }
    ],
    "DocumentPath": "/uploads/ogclyqor.zh0.pdf",
    "CreatedAt": "2025-09-10T10:02:59.3042939Z"
  },
  {
    "Id": 10,
    "UserId": 17,
    "UserName": "User1",
    "PolicyName": "Vehicle Insurance",
    "IncidentDescription": "iunimkm",
    "ClaimAmount": 345,
    "Status": "Approved",
    "Updates": [
      {
        "Id": 13,
        "Status": "Approved",
        "Remarks": "nice",
        "UpdatedBy": "Admin",
        "UpdatedAt": "2025-09-11T18:42:15.0203511Z"
      }
    ],
    "DocumentPath": "/uploads/f2m2qwu0.f4s.pdf",
    "CreatedAt": "2025-09-11T18:40:39.037432Z"
  },
  {
    "Id": 11,
    "UserId": 18,
    "UserName": "nav1",
    "PolicyName": "Vehicle Insurance",
    "IncidentDescription": "bbbbbbbbbbbbbbbbbbb",
    "ClaimAmount": 2222222222,
    "Status": "Rejected",
    "Updates": [
      {
        "Id": 17,
        "Status": "Rejected",
        "Remarks": "not upto",
        "UpdatedBy": "admin1",
        "UpdatedAt": "2025-09-14T19:34:13.9364125Z"
      }
    ],
    "DocumentPath": "/uploads/2q1ovwnj.naa.pdf",
    "CreatedAt": "2025-09-12T08:11:35.8822814Z"
  },
  {
    "Id": 12,
    "UserId": 19,
    "UserName": "india",
    "PolicyName": "Travel Insurance",
    "IncidentDescription": "Accident",
    "ClaimAmount": 32233,
    "Status": "Rejected",
    "Updates": [
      {
        "Id": 14,
        "Status": "Rejected",
        "Remarks": "false pdf",
        "UpdatedBy": "reddy",
        "UpdatedAt": "2025-09-14T19:04:39.0969843Z"
      }
    ],
    "DocumentPath": "/uploads/2b5txbqu.yxz.png",
    "CreatedAt": "2025-09-14T19:03:43.5193164Z"
  },
  {
    "Id": 13,
    "UserId": 22,
    "UserName": "last",
    "PolicyName": "Life Insurance",
    "IncidentDescription": "final check",
    "ClaimAmount": 2000,
    "Status": "Approved",
    "Updates": [
      {
        "Id": 18,
        "Status": "Approved",
        "Remarks": "upto the mark",
        "UpdatedBy": "final",
        "UpdatedAt": "2025-09-14T19:40:23.9205513Z"
      }
    ],
    "DocumentPath": "/uploads/grcokldr.gui.png",
    "CreatedAt": "2025-09-14T19:39:23.7559612Z"
  },
  {
    "Id": 14,
    "UserId": 24,
    "UserName": "hi",
    "PolicyName": "Gadget Insurance",
    "IncidentDescription": "Gadget was broken",
    "ClaimAmount": 24567,
    "Status": "Approved",
    "Updates": [
      {
        "Id": 19,
        "Status": "Approved",
        "Remarks": "your insurance will, be claimed in two weeks",
        "UpdatedBy": "Hello",
        "UpdatedAt": "2025-09-16T05:20:08.2398443Z"
      }
    ],
    "DocumentPath": "/uploads/e5wt02i2.gr0.png",
    "CreatedAt": "2025-09-16T05:18:53.0866399Z"
  },
  {
    "Id": 15,
    "UserId": 6,
    "UserName": "User",
    "PolicyName": "Home Insurance",
    "IncidentDescription": "My Home was damaged due to floods",
    "ClaimAmount": 500000,
    "Status": "Rejected",
    "Updates": [
      {
        "Id": 20,
        "Status": "Pending",
        "Remarks": "it was too much price",
        "UpdatedBy": "Admin",
        "UpdatedAt": "2025-09-19T06:20:03.525276Z"
      },
      {
        "Id": 21,
        "Status": "Rejected",
        "Remarks": "it was too much price",
        "UpdatedBy": "Admin",
        "UpdatedAt": "2025-09-19T06:20:26.3140472Z"
      }
    ],
    "DocumentPath": "/uploads/b0rtce4a.10x.png",
    "CreatedAt": "2025-09-19T06:19:22.7681373Z"
  },
  {
    "Id": 16,
    "UserId": 6,
    "UserName": "User",
    "PolicyName": "Life Insurance",
    "IncidentDescription": "Accuident",
    "ClaimAmount": 2345,
    "Status": "Rejected",
    "Updates": [
      {
        "Id": 23,
        "Status": "Rejected",
        "Remarks": "not upto the mark",
        "UpdatedBy": "Admin",
        "UpdatedAt": "2025-09-19T06:36:18.9725453Z"
      }
    ],
    "DocumentPath": "/uploads/k15b1ybr.uai.png",
    "CreatedAt": "2025-09-19T06:35:44.0834921Z"
  }
]