[
  {
    "Id": 1,
    "Username": "string",
    "Password": "string",
    "Role": "User"
  },
  {
    "Id": 2,
    "Username": "Lingareddy",
    "Password": "Rohith@123",
    "Role": "User"
  },
  {
    "Id": 5,
    "Username": "King",
    "Password": "King@123",
    "Role": "User"
  },
  {
    "Id": 6,
    "Username": "User",
    "Password": "User@123",
    "Role": "User"
  },
  {
    "Id": 8,
    "Username": "ok",
    "Password": "ok@123",
    "Role": "User"
  },
  {
    "Id": 11,
    "Username": "Nav",
    "Password": "Nav@123",
    "Role": "Admin"
  },
  {
    "Id": 12,
    "Username": "Admin",
    "Password": "Admin@123",
    "Role": "Admin"
  },
  {
    "Id": 13,
    "Username": "Rohith",
    "Password": "Rohith@123",
    "Role": "Admin"
  },
  {
    "Id": 14,
    "Username": "Devil",
    "Password": "Devil@123",
    "Role": "User"
  },
  {
    "Id": 15,
    "Username": "lr",
    "Password": "lr@123",
    "Role": "User"
  },
  {
    "Id": 16,
    "Username": "ram",
    "Password": "1234",
    "Role": "User"
  },
  {
    "Id": 17,
    "Username": "User1",
    "Password": "1234",
    "Role": "User"
  },
  {
    "Id": 18,
    "Username": "nav1",
    "Password": "1234",
    "Role": "User"
  },
  {
    "Id": 19,
    "Username": "india",
    "Password": "1234",
    "Role": "User"
  },
  {
    "Id": 20,
    "Username": "reddy",
    "Password": "1234",
    "Role": "Admin"
  },
  {
    "Id": 21,
    "Username": "admin1",
    "Password": "1234",
    "Role": "Admin"
  },
  {
    "Id": 22,
    "Username": "last",
    "Password": "1234",
    "Role": "User"
  },
  {
    "Id": 23,
    "Username": "final",
    "Password": "1234",
    "Role": "Admin"
  },
  {
    "Id": 24,
    "Username": "hi",
    "Password": "1234",
    "Role": "User"
  },
  {
    "Id": 25,
    "Username": "Hello",
    "Password": "1234",
    "Role": "Admin"
  },
  {
    "Id": 26,
    "Username": "Rohuth1",
    "Password": "1234",
    "Role": "User"
  }
]