[
  {
    "Id": 1,
    "Username": "string",
    "Password": "string",
    "Role": "User"
  },
  {
    "Id": 2,
    "Username": "Lingareddy",
    "Password": "Rohith@123",
    "Role": "User"
  },
  {
    "Id": 5,
    "Username": "King",
    "Password": "King@123",
    "Role": "User"
  },
  {
    "Id": 6,
    "Username": "User",
    "Password": "User@123",
    "Role": "User"
  },
  {
    "Id": 8,
    "Username": "ok",
    "Password": "ok@123",
    "Role": "User"
  },
  {
    "Id": 11,
    "Username": "Nav",
    "Password": "Nav@123",
    "Role": "Admin"
  },
  {
    "Id": 12,
    "Username": "Admin",
    "Password": "Admin@123",
    "Role": "Admin"
  },
  {
    "Id": 13,
    "Username": "Rohith",
    "Password": "Rohith@123",
    "Role": "Admin"
  },
  {
    "Id": 14,
    "Username": "Devil",
    "Password": "Devil@123",
    "Role": "User"
  }
]