[
  {
    "Id": 3,
    "UserId": 2,
    "UserName": "Lingareddy",
    "PolicyName": "health",
    "IncidentDescription": "regarding Health",
    "ClaimAmount": 6575,
    "Status": "Approved",
    "Updates": [
      {
        "Id": 6,
        "Status": "Approved",
        "Remarks": "nice",
        "UpdatedBy": "Rohith",
        "UpdatedAt": "2025-09-08T09:39:12.7337338Z"
      }
    ],
    "DocumentPath": "/uploads/xu1xfvhu.e1h.pdf",
    "CreatedAt": "2025-09-08T09:06:46.3168218Z"
  },
  {
    "Id": 2,
    "UserId": 2,
    "UserName": "Lingareddy",
    "PolicyName": "hi",
    "IncidentDescription": "xfghjkhlj;",
    "ClaimAmount": 23332,
    "Status": "Rejected",
    "Updates": [
      {
        "Id": 2,
        "Status": "Rejected",
        "Remarks": "not",
        "UpdatedBy": "Rohith",
        "UpdatedAt": "2025-09-08T08:40:34.022743Z"
      }
    ],
    "DocumentPath": "/uploads/0jkocblv.nuw.pdf",
    "CreatedAt": "2025-09-08T05:43:54.5279482Z"
  },
  {
    "Id": 1,
    "UserId": 2,
    "UserName": "Lingareddy",
    "PolicyName": "rappa rappa",
    "IncidentDescription": "hi",
    "ClaimAmount": 2333,
    "Status": "Rejected",
    "Updates": [
      {
        "Id": 1,
        "Status": "Approved",
        "Remarks": "nice",
        "UpdatedBy": "string",
        "UpdatedAt": "2025-09-08T06:47:58.2136814Z"
      },
      {
        "Id": 10,
        "Status": "Approved",
        "Remarks": "nice",
        "UpdatedBy": "Admin",
        "UpdatedAt": "2025-09-09T06:55:11.5238761Z"
      },
      {
        "Id": 11,
        "Status": "Rejected",
        "Remarks": "All docume3nts are not submitted",
        "UpdatedBy": "Admin",
        "UpdatedAt": "2025-09-09T06:55:36.3826051Z"
      }
    ],
    "DocumentPath": "/uploads/whvtfatg.cxz.pdf",
    "CreatedAt": "2025-09-07T18:06:19.5669127Z"
  },
  {
    "Id": 5,
    "UserId": 6,
    "UserName": "User",
    "PolicyName": "Home Insurance",
    "IncidentDescription": "damage",
    "ClaimAmount": 78999,
    "Status": "Approved",
    "Updates": [
      {
        "Id": 8,
        "Status": "Approved",
        "Remarks": "more money",
        "UpdatedBy": "Admin",
        "UpdatedAt": "2025-09-09T06:43:27.893954Z"
      }
    ],
    "DocumentPath": "/uploads/htm3gcoq.j5h.pdf",
    "CreatedAt": "2025-09-08T13:15:30.1021538Z"
  },
  {
    "Id": 4,
    "UserId": 5,
    "UserName": "King",
    "PolicyName": "gym",
    "IncidentDescription": "fygjhklj;k\u0027l",
    "ClaimAmount": 67788,
    "Status": "Approved",
    "Updates": [
      {
        "Id": 7,
        "Status": "Approved",
        "Remarks": "calculated amount",
        "UpdatedBy": "Rohith",
        "UpdatedAt": "2025-09-08T11:10:22.4483847Z"
      }
    ],
    "DocumentPath": "/uploads/vmkz0irw.yk1.pdf",
    "CreatedAt": "2025-09-08T11:08:14.6482125Z"
  },
  {
    "Id": 6,
    "UserId": 6,
    "UserName": "User",
    "PolicyName": "just checking",
    "IncidentDescription": "hjnkmnl,./",
    "ClaimAmount": 25000,
    "Status": "Approved",
    "Updates": [
      {
        "Id": 9,
        "Status": "Approved",
        "Remarks": "okokko",
        "UpdatedBy": "Admin",
        "UpdatedAt": "2025-09-09T06:53:51.6602293Z"
      }
    ],
    "DocumentPath": "/uploads/j1dj01rs.nvx.pdf",
    "CreatedAt": "2025-09-08T13:18:08.8477234Z"
  },
  {
    "Id": 7,
    "UserId": 6,
    "UserName": "User",
    "PolicyName": "Travel Insurance",
    "IncidentDescription": "accident",
    "ClaimAmount": 2345,
    "Status": "Pending",
    "Updates": [],
    "DocumentPath": "/uploads/h0kdmhft.xev.pdf",
    "CreatedAt": "2025-09-10T06:11:21.5341602Z"
  },
  {
    "Id": 8,
    "UserId": 6,
    "UserName": "User",
    "PolicyName": "Home Insurance",
    "IncidentDescription": "vcvbnvm,",
    "ClaimAmount": 678,
    "Status": "Pending",
    "Updates": [],
    "DocumentPath": "/uploads/ogclyqor.zh0.pdf",
    "CreatedAt": "2025-09-10T10:02:59.3042939Z"
  },
  {
    "Id": 9,
    "UserId": 14,
    "UserName": "Devil",
    "PolicyName": "Pet Insurance",
    "IncidentDescription": "esdfghklj;k",
    "ClaimAmount": 76776,
    "Status": "Approved",
    "Updates": [
      {
        "Id": 12,
        "Status": "Approved",
        "Remarks": "ookokoko",
        "UpdatedBy": "Admin",
        "UpdatedAt": "2025-09-10T10:07:43.8158471Z"
      }
    ],
    "DocumentPath": "/uploads/2wt5osig.xgs.pdf",
    "CreatedAt": "2025-09-10T10:06:38.1991903Z"
  }
]